{
    "apps": [
        {
            "color": "#61D1A7",
            "pid": 10428,
            "power_w_CPU": 0.38308129109391054,
            "power_w_GPU": 0.0,
            "power_w_NIC": 0.0,
            "power_w_SD": 0.0003477861179245283
        }
    ],
    "time": 1740051020
}