{
    "apps": [
        {
            "color": "#DC4C36",
            "pid": 12572,
            "power_w_CPU": 0.1939887751225137,
            "power_w_GPU": 0.0,
            "power_w_NIC": 0.007503213333333333,
            "power_w_SD": 4.847221900269542e-05
        }
    ],
    "time": 1740051036
}