{
    "apps": [
        {
            "color": "#840655",
            "pid": 14260,
            "power_w_CPU": 0.013526767458543098,
            "power_w_GPU": 0.0,
            "power_w_NIC": 0.0,
            "power_w_SD": 8.011320754716982e-08
        }
    ],
    "time": 1740051008
}