{
    "apps": [
        {
            "color": "#4B8FD2",
            "pid": 15324,
            "power_w_CPU": 0.012279734988392833,
            "power_w_GPU": 0.0,
            "power_w_NIC": 0.0,
            "power_w_SD": 7.67924528301887e-08
        }
    ],
    "time": 1740051009
}